<?xml version="1.0"?>
<doc>
    <assembly>
        <name>Modulus.Backtester</name>
    </assembly>
    <members>
        <member name="T:Modulus.Backtester.BacktestResults">
            <summary>
            BacktestResults class returns backtest results, such as any errors, statistics and a trade log.
            </summary>
        </member>
        <member name="F:Modulus.Backtester.BacktestResults._error">
            <exclude />
        </member>
        <member name="F:Modulus.Backtester.BacktestResults._trades">
            <exclude />
        </member>
        <member name="F:Modulus.Backtester.BacktestResults._totalNumberOfTrades">
            <exclude />
        </member>
        <member name="F:Modulus.Backtester.BacktestResults._averageTradesPerMonth">
            <exclude />
        </member>
        <member name="F:Modulus.Backtester.BacktestResults._numberOfProfitableTrades">
            <exclude />
        </member>
        <member name="F:Modulus.Backtester.BacktestResults._numberOfLosingTrades">
            <exclude />
        </member>
        <member name="F:Modulus.Backtester.BacktestResults._totalProfit">
            <exclude />
        </member>
        <member name="F:Modulus.Backtester.BacktestResults._totalLoss">
            <exclude />
        </member>
        <member name="F:Modulus.Backtester.BacktestResults._percentProfit">
            <exclude />
        </member>
        <member name="F:Modulus.Backtester.BacktestResults._largestProfit">
            <exclude />
        </member>
        <member name="F:Modulus.Backtester.BacktestResults._largestLoss">
            <exclude />
        </member>
        <member name="F:Modulus.Backtester.BacktestResults._maximumDrawDown">
            <exclude />
        </member>
        <member name="F:Modulus.Backtester.BacktestResults._maximumDrawDownMonteCarlo">
            <exclude />
        </member>
        <member name="F:Modulus.Backtester.BacktestResults._compoundMonthlyROR">
            <exclude />
        </member>
        <member name="F:Modulus.Backtester.BacktestResults._standardDeviation">
            <exclude />
        </member>
        <member name="F:Modulus.Backtester.BacktestResults._standardDeviationAnnualized">
            <exclude />
        </member>
        <member name="F:Modulus.Backtester.BacktestResults._downsideDeviationMar10">
            <exclude />
        </member>
        <member name="F:Modulus.Backtester.BacktestResults._valueAddedMonthlyIndex">
            <exclude />
        </member>
        <member name="F:Modulus.Backtester.BacktestResults._SharpeRatio">
            <exclude />
        </member>
        <member name="F:Modulus.Backtester.BacktestResults._AnnualizedSharpeRatio">
            <exclude />
        </member>
        <member name="F:Modulus.Backtester.BacktestResults._sortinoRatioMAR5">
            <exclude />
        </member>
        <member name="F:Modulus.Backtester.BacktestResults._annualizedSortinoRatioMAR5">
            <exclude />
        </member>
        <member name="F:Modulus.Backtester.BacktestResults._sterlingRatioMAR5">
            <exclude />
        </member>
        <member name="F:Modulus.Backtester.BacktestResults._calmarRatio">
            <exclude />
        </member>
        <member name="F:Modulus.Backtester.BacktestResults._riskRewardRatio">
            <exclude />
        </member>
        <member name="P:Modulus.Backtester.BacktestResults.Error">
            <summary>
            Gets the error. This will be a non-null string if an error is generated by the Backtest function.
            </summary>
            <value>The error, if any.</value>
        </member>
        <member name="P:Modulus.Backtester.BacktestResults.Trades">
            <summary>
            Gets the list of trades. The number of trades may differ from the list of trades supplied to the backtest function.
            </summary>
            <value>The trades.</value>
        </member>
        <member name="P:Modulus.Backtester.BacktestResults.TotalNumberOfTrades">
            <summary>
            Gets the total number of trades.
            </summary>
            <value>The total number of trades.</value>
        </member>
        <member name="P:Modulus.Backtester.BacktestResults.AverageTradesPerMonth">
            <summary>
            Gets the average trades per month.
            </summary>
            <value>The average trades per month.</value>
        </member>
        <member name="P:Modulus.Backtester.BacktestResults.NumberOfProfitableTrades">
            <summary>
            Gets the number of profitable trades.
            </summary>
            <value>The number of profitable trades.</value>
        </member>
        <member name="P:Modulus.Backtester.BacktestResults.NumberOfLosingTrades">
            <summary>
            Gets the number of losing trades.
            </summary>
            <value>The number of losing trades.</value>
        </member>
        <member name="P:Modulus.Backtester.BacktestResults.TotalProfit">
            <summary>
            Gets the total profit.
            </summary>
            <value>The total profit.</value>
        </member>
        <member name="P:Modulus.Backtester.BacktestResults.TotalLoss">
            <summary>
            Gets the total loss.
            </summary>
            <value>The total loss.</value>
        </member>
        <member name="P:Modulus.Backtester.BacktestResults.PercentProfit">
            <summary>
            Gets the percent profit.
            </summary>
            <value>The percent profit.</value>
        </member>
        <member name="P:Modulus.Backtester.BacktestResults.LargestProfit">
            <summary>
            Gets the largest profit.
            </summary>
            <value>The largest profit.</value>
        </member>
        <member name="P:Modulus.Backtester.BacktestResults.LargestLoss">
            <summary>
            Gets the largest loss.
            </summary>
            <value>The largest loss.</value>
        </member>
        <member name="P:Modulus.Backtester.BacktestResults.MaximumDrawDown">
            <summary>
            Gets the maximum draw down.
            </summary>
            <value>The maximum draw down.</value>
        </member>
        <member name="P:Modulus.Backtester.BacktestResults.MaximumDrawDownMonteCarlo">
            <summary>
            Gets the maximum Monte Carlo draw down.
            </summary>
            <value>The maximum draw down.</value>
        </member>
        <member name="P:Modulus.Backtester.BacktestResults.CompoundMonthlyROR">
            <summary>
            Gets the compound monthly ROR.
            </summary>
            <value>The compound monthly ROR.</value>
        </member>
        <member name="P:Modulus.Backtester.BacktestResults.StandardDeviation">
            <summary>
            Gets the standard deviation.
            </summary>
            <value>The standard deviation.</value>
        </member>
        <member name="P:Modulus.Backtester.BacktestResults.StandardDeviationAnnualized">
            <summary>
            Gets the standard deviation annualized.
            </summary>
            <value>The standard deviation annualized.</value>
        </member>
        <member name="P:Modulus.Backtester.BacktestResults.DownsideDeviationMar10">
            <summary>
            Gets the downside deviation mar10.
            </summary>
            <value>The downside deviation mar10.</value>
        </member>
        <member name="P:Modulus.Backtester.BacktestResults.ValueAddedMonthlyIndex">
            <summary>
            Gets the value added monthly index
            </summary>
            <value>The index value.</value>
        </member>
        <member name="P:Modulus.Backtester.BacktestResults.SharpeRatio">
            <summary>
            Gets the sharpe ratio.
            </summary>
            <value>The sharpe ratio.</value>
        </member>
        <member name="P:Modulus.Backtester.BacktestResults.AnnualizedSharpeRatio">
            <summary>
            Gets the annualized sharpe ratio.
            </summary>
            <value>The annualized sharpe ratio.</value>
        </member>
        <member name="P:Modulus.Backtester.BacktestResults.SortinoRatioMAR5">
            <summary>
            Gets the sortino ratio where MAR=5%
            </summary>
            <value>The sortino ratio.</value>
        </member>
        <member name="P:Modulus.Backtester.BacktestResults.AnnualizedSortinoRatioMAR5">
            <summary>
            Gets the annualized sortino ratio where MAR=5%
            </summary>
            <value>The annualized sortino ratio.</value>
        </member>
        <member name="P:Modulus.Backtester.BacktestResults.SterlingRatioMAR5">
            <summary>
            Gets the sterling ratio where MAR=5%
            </summary>
            <value>The sterling ratio</value>
        </member>
        <member name="P:Modulus.Backtester.BacktestResults.CalmarRatio">
            <summary>
            Gets the calmar ratio.
            </summary>
            <value>The calmar ratio.</value>
        </member>
        <member name="P:Modulus.Backtester.BacktestResults.RiskRewardRatio">
            <summary>
            Gets the risk reward ratio.
            </summary>
            <value>The risk reward ratio.</value>
        </member>
        <member name="T:Modulus.Backtester.BacktestStatistics">
            <exclude />
        </member>
        <member name="F:Modulus.Backtester.BacktestStatistics.m_avgTradesPerMonth">
            <exclude />
        </member>
        <member name="F:Modulus.Backtester.BacktestStatistics.m_shuffle">
            <exclude />
        </member>
        <member name="M:Modulus.Backtester.BacktestStatistics.swap(System.Int32,System.Int32)">
            <exclude />
        </member>
        <member name="F:Modulus.Backtester.BacktestStatistics.m_rand">
            <exclude />
        </member>
        <member name="M:Modulus.Backtester.BacktestStatistics.shuffle">
            <exclude />
        </member>
        <member name="M:Modulus.Backtester.BacktestStatistics.ValueAddedMonthlyIndex(System.Collections.Generic.List{System.Double})">
            <summary>
            Value Added Monthly Index (VAMI)
            </summary>
            <param name="monthlyPL">The monthly PL.</param>
            <returns>System.Double.</returns>
            <exclude />
        </member>
        <member name="M:Modulus.Backtester.BacktestStatistics.CompoundMonthlyROR(System.Collections.Generic.List{System.Double})">
            <summary>
            Compound (Geometric) Monthly ROR
            </summary>
            <param name="monthlyPL">The monthly PL.</param>
            <returns>System.Double.</returns>
            <exclude />
        </member>
        <!-- Badly formed XML comment ignored for member "M:Modulus.Backtester.BacktestStatistics.CompoundQuarterlyROR(System.Collections.Generic.List{System.Double})" -->
        <!-- Badly formed XML comment ignored for member "M:Modulus.Backtester.BacktestStatistics.CompoundAnnualizedROR(System.Collections.Generic.List{System.Double})" -->
        <!-- Badly formed XML comment ignored for member "M:Modulus.Backtester.BacktestStatistics.StandardDeviation(System.Collections.Generic.List{System.Double})" -->
        <member name="M:Modulus.Backtester.BacktestStatistics.AnnualizedStandardDeviation(System.Collections.Generic.List{System.Double})">
            <summary>
            Annualized Standard Deviation
            </summary>
            <param name="monthlyPL">The monthly PL.</param>
            <returns>System.Double.</returns>
            <exclude />
        </member>
        <!-- Badly formed XML comment ignored for member "M:Modulus.Backtester.BacktestStatistics.DownsideDeviation(System.Collections.Generic.List{System.Double},System.Double)" -->
        <!-- Badly formed XML comment ignored for member "M:Modulus.Backtester.BacktestStatistics.SharpeRatio(System.Collections.Generic.List{System.Double},System.Double)" -->
        <!-- Badly formed XML comment ignored for member "M:Modulus.Backtester.BacktestStatistics.AnnualizedSharpeRatio(System.Collections.Generic.List{System.Double},System.Double)" -->
        <!-- Badly formed XML comment ignored for member "M:Modulus.Backtester.BacktestStatistics.SortinoRatio(System.Collections.Generic.List{System.Double},System.Double)" -->
        <!-- Badly formed XML comment ignored for member "M:Modulus.Backtester.BacktestStatistics.AnnualizedSortinoRatio(System.Collections.Generic.List{System.Double},System.Double)" -->
        <member name="M:Modulus.Backtester.BacktestStatistics.MaximumDrawdown(System.Collections.Generic.List{System.Double})">
            <summary>
            Maximum drawdown 
            You can use trade-to-trade values to get a dollar drawdown
            or you can use month-to-month PL% values to get a percentage.
            </summary>
            <param name="values">List of values</param>
            <returns>System.Double.</returns>
            <exclude />
        </member>
        <member name="M:Modulus.Backtester.BacktestStatistics.MaximumDrawdownMonteCarlo(System.Collections.Generic.List{System.Double})">
            <summary>
            Maximum drawdown with Monte Carlo simulation
            Same as above, but shuffles trades 10000 times
            </summary>
            <param name="values">List of values</param>
            <returns>System.Double.</returns>
            <exclude />
        </member>
        <!-- Badly formed XML comment ignored for member "M:Modulus.Backtester.BacktestStatistics.CalmarRatio(System.Collections.Generic.List{System.Double})" -->
        <!-- Badly formed XML comment ignored for member "M:Modulus.Backtester.BacktestStatistics.SterlingRatio(System.Collections.Generic.List{System.Double},System.Double)" -->
        <member name="M:Modulus.Backtester.BacktestStatistics.ConvertToMonthly(System.Collections.Generic.List{System.Double},System.Collections.Generic.List{System.DateTime})">
            <summary>
            Converts from daily periods to monthly periods
            </summary>
            <param name="trades">The list of trades</param>
            <param name="dates">The list of dates</param>
            <returns>System.Double.</returns>
            <exclude />
            wrong output if no trades in first/last serveral months
        </member>
        <member name="F:Modulus.Backtester.Backtester._r">
            <exclude />
        </member>
        <member name="M:Modulus.Backtester.Backtester.Backtest(System.String,System.Collections.Generic.List{Modulus.Backtester.Trade},System.Double,System.Double,Modulus.Backtester.TransactionCostType,System.Double)">
            <summary>
            Back tests the specified trades.
            </summary>
            <param name="License">The license key. Be sure to obfuscate and encrypt your client app.</param>
            <param name="trades">The trades.</param>
            <param name="lastPrice">The last price if the last trade is left open.</param>
            <param name="randomSlippage">Random slippage.</param>
            <returns>BacktestResults.</returns>        
        </member>
        <member name="M:Modulus.Backtester.Backtester.toString(System.Double,System.Int32)">
            <exclude />
        </member>
        <member name="T:Modulus.Backtester.LicenseKeyInvalid">
            <summary>
            LicenseKeyInvalid is thrown if the license key is invalid.
            </summary>
        </member>
        <member name="T:Modulus.Backtester.Constants">
            <exclude />
        </member>
        <member name="F:Modulus.Backtester.Constants.RAND_MAX">
            <exclude />
        </member>
        <member name="F:Modulus.Backtester.Constants.JMONTH">
            <exclude />
        </member>
        <member name="F:Modulus.Backtester.Constants.License">
            <exclude />        
        </member>
        <member name="T:Modulus.Backtester.SignalType">
            <summary>
            The signal type
            </summary>
        </member>
        <member name="T:Modulus.Backtester.Trade">
            <summary>
            The trade class stores individual trade information, including the trade date and time, price and signal.
            </summary>
        </member>
        <member name="F:Modulus.Backtester.Trade._signal">
            <exclude />
        </member>
        <member name="F:Modulus.Backtester.Trade._date">
            <exclude />
        </member>
        <member name="F:Modulus.Backtester.Trade._price">
            <exclude />
        </member>
        <member name="M:Modulus.Backtester.Trade.#ctor">
            <exclude />
        </member>
        <member name="M:Modulus.Backtester.Trade.#ctor(System.DateTime,Modulus.Backtester.SignalType,System.Double)">
            <exclude />
        </member>
        <member name="M:Modulus.Backtester.Trade.op_LessThan(Modulus.Backtester.Trade,Modulus.Backtester.Trade)">
            <exclude />
        </member>
        <member name="M:Modulus.Backtester.Trade.op_GreaterThan(Modulus.Backtester.Trade,Modulus.Backtester.Trade)">
            <exclude />
        </member>
        <member name="M:Modulus.Backtester.Trade.op_Equality(Modulus.Backtester.Trade,Modulus.Backtester.Trade)">
            <exclude />
        </member>
        <member name="M:Modulus.Backtester.Trade.op_Inequality(Modulus.Backtester.Trade,Modulus.Backtester.Trade)">
            <exclude />
        </member>
        <member name="M:Modulus.Backtester.Trade.Equals(Modulus.Backtester.Trade)">
            <exclude />
        </member>
        <member name="M:Modulus.Backtester.Trade.Equals(System.Object)">
            <exclude />
        </member>
        <member name="M:Modulus.Backtester.Trade.GetHashCode">
            <exclude />
        </member>
        <member name="P:Modulus.Backtester.Trade.Signal">
            <summary>
            Gets or sets the trading signal.
            </summary>
            <value>The trading signal.</value>
        </member>
        <member name="P:Modulus.Backtester.Trade.Date">
            <summary>
            Gets or sets the trade date.
            </summary>
            <value>The trade date.</value>
        </member>
        <member name="P:Modulus.Backtester.Trade.Price">
            <summary>
            Gets or sets the trade price.
            </summary>
            <value>The trade price.</value>
        </member>
    </members>
</doc>
