name,buy_script,sell_script,exit_long_script,exit_short_script,long_take_profit,long_stop_loss,short_take_profit,short_stop_loss,day_close,symbol,test_start,test_end,time_frame,total_bars,creationTime,updateTime,account,status
test1,(KCB(4;SIMPLE;0.8)<KCT(38;SIMPLE;2.4)),LOW>HIGH,LOW>HIGH,LOW>HIGH,0.6,0.4,100,100,1,600623-SSE,9/1/2015 9:30,6/27/2016 15:00,1_min,47718,,,,
test2,((CROSSOVER(AroonUp(83);WPR(65)))OR((SOPD(21;3;3;SIMPLE)<AroonDown(56))AND(PSAR(0.02;0.2)>LLV(78)))),LOW>HIGH,LOW>HIGH,LOW>HIGH,0.55,0.56,100,100,1,600623-SSE,9/1/2015 9:30,6/27/2016 15:00,1_min,47718,,,,
test3,(HHV(18)<KCT(44;SIMPLE;3.1)),LOW>HIGH,LOW>HIGH,LOW>HIGH,0.65,0.55,100,100,1,600623-SSE,9/1/2015 9:30,6/27/2016 15:00,1_min,47718,,,,
test4,((MACDSignal(12;26;9;EXPONENTIAL)>CCI(88;SIMPLE))OR(AroonUp(95)<SOPK(9;3;3;SIMPLE))),LOW>HIGH,LOW>HIGH,LOW>HIGH,0.58,0.69,100,100,1,600623-SSE,9/1/2015 9:30,6/27/2016 15:00,1_min,47718,,,,
test5,(RSI(CLOSE;98)>SOPK(14;3;3;SIMPLE)),LOW>HIGH,LOW>HIGH,LOW>HIGH,0.52,0.62,100,100,1,600623-SSE,9/1/2015 9:30,6/27/2016 15:00,1_min,47718,,,,
test6,(CCI(76;SIMPLE)<CCI(28;SIMPLE)),LOW>HIGH,LOW>HIGH,LOW>HIGH,0.51,0.51,100,100,1,600623-SSE,9/1/2015 9:30,6/27/2016 15:00,1_min,47718,,,,
test7,(HHV(18)<KCT(44;SIMPLE;3.1)),LOW>HIGH,LOW>HIGH,LOW>HIGH,0.51,0.52,100,100,1,600623-SSE,9/1/2015 9:30,6/27/2016 15:00,1_min,47718,,,,
test8,(HHV(18)<KCT(44;SIMPLE;3.1)),LOW>HIGH,LOW>HIGH,LOW>HIGH,0.52,0.55,100,100,1,600623-SSE,9/1/2015 9:30,6/27/2016 15:00,1_min,47718,,,,
test9,(RSI(CLOSE;16)<RSI(CLOSE;73)),LOW>HIGH,(HHV(82)<LLV(26)),LOW>HIGH,0.58,0.74,100,100,1,600623-SSE,9/1/2015 9:30,6/27/2016 15:00,1_min,47718,,,,
test10,(AroonUp(58)>CCI(43;SIMPLE)),LOW>HIGH,LOW>HIGH,LOW>HIGH,0.54,0.51,100,100,1,600623-SSE,9/1/2015 9:30,6/27/2016 15:00,1_min,47718,,,,
test11,(MACD(12;26;9;EXPONENTIAL)>CCI(18;SIMPLE)),LOW>HIGH,LOW>HIGH,LOW>HIGH,0.78,0.64,100,100,1,600623-SSE,9/1/2015 9:30,6/27/2016 15:00,1_min,47718,,,,
test12,(((CROSSOVER(SOPD(9;3;3;SIMPLE);AroonDown(90)))OR(CROSSOVER(KCT(72;SIMPLE;0.4);PSAR(0.05;0.2))))OR(CCI(23;SIMPLE)<MACDSignal(14;3;8;EXPONENTIAL))),LOW>HIGH,LOW>HIGH,LOW>HIGH,0.57,0.63,100,100,1,600623-SSE,9/1/2015 9:30,6/27/2016 15:00,1_min,47718,,,,
test13,(RSI(CLOSE;4)<28.280001),LOW>HIGH,LOW>HIGH,LOW>HIGH,0.6,0.36,100,100,1,600623-SSE,9/1/2015 9:30,6/27/2016 15:00,1_min,47718,,,,
test14,(KCM(28;SIMPLE;4.1)<PSAR(0.02;0.2)),LOW>HIGH,LOW>HIGH,LOW>HIGH,0.64,0.74,100,100,1,600623-SSE,9/1/2015 9:30,6/27/2016 15:00,1_min,47718,,,,
test15,(WPR(10)<-44.549999),LOW>HIGH,(CROSSOVER(AroonUp(81);MACDSignal(7;7;9;EXPONENTIAL))),LOW>HIGH,0.54,0.53,100,100,1,600623-SSE,9/1/2015 9:30,6/27/2016 15:00,1_min,47718,,,,
test16,(CCI(29;SIMPLE)<SOPK(14;3;3;SIMPLE)),LOW>HIGH,LOW>HIGH,LOW>HIGH,0.61,0.78,100,100,1,600623-SSE,9/1/2015 9:30,6/27/2016 15:00,1_min,47718,,,,
test17,(KCM(28;SIMPLE;4.1)<PSAR(0.02;0.2)),LOW>HIGH,LOW>HIGH,LOW>HIGH,0.64,0.53,100,100,1,600623-SSE,9/1/2015 9:30,6/27/2016 15:00,1_min,47718,,,,
test18,(ATR(31)<ATR(28)),LOW>HIGH,LOW>HIGH,LOW>HIGH,0.53,0.59,100,100,1,600623-SSE,9/1/2015 9:30,6/27/2016 15:00,1_min,47718,,,,
test19,(RSI(CLOSE;16)<RSI(CLOSE;73)),LOW>HIGH,LOW>HIGH,LOW>HIGH,0.58,0.41,100,100,1,600623-SSE,9/1/2015 9:30,6/27/2016 15:00,1_min,47718,,,,
test20,(WPR(52)>CCI(18;SIMPLE)),LOW>HIGH,LOW>HIGH,LOW>HIGH,0.78,0.67,100,100,1,600623-SSE,9/1/2015 9:30,6/27/2016 15:00,1_min,47718,,,,
test21,(((CROSSOVER(LLV(68);KCB(93;SIMPLE;4.8)))OR(KCT(37;SIMPLE;0.1)<KCB(92;SIMPLE;2.5)))AND((WPR(78)>MACD(17;15;17;EXPONENTIAL))OR(CCI(68;SIMPLE)<MACD(23;16;22;EXPONENTIAL)))),LOW>HIGH,LOW>HIGH,LOW>HIGH,0.78,0.52,100,100,1,600623-SSE,9/1/2015 9:30,6/27/2016 15:00,1_min,47718,,,,
test22,(RSI(CLOSE;18)>SOPK(14;3;3;SIMPLE)),LOW>HIGH,LOW>HIGH,LOW>HIGH,0.57,0.52,100,100,1,600623-SSE,9/1/2015 9:30,6/27/2016 15:00,1_min,47718,,,,
test23,(RSI(CLOSE;98)>SOPK(14;3;3;SIMPLE)),LOW>HIGH,LOW>HIGH,LOW>HIGH,0.56,0.51,100,100,1,600623-SSE,9/1/2015 9:30,6/27/2016 15:00,1_min,47718,,,,
test24,(MACD(12;26;9;EXPONENTIAL)>CCI(18;SIMPLE)),LOW>HIGH,LOW>HIGH,LOW>HIGH,0.64,0.32,100,100,1,600623-SSE,9/1/2015 9:30,6/27/2016 15:00,1_min,47718,,,,
test25,(LLV(67)<BBB(CLOSE;57;3;SIMPLE)),LOW>HIGH,LOW>HIGH,LOW>HIGH,0.58,0.74,100,100,1,600623-SSE,9/1/2015 9:30,6/27/2016 15:00,1_min,47718,,,,
test26,(KCM(26;SIMPLE;4.7)<KCT(55;SIMPLE;1.7)),LOW>HIGH,LOW>HIGH,LOW>HIGH,0.62,0.42,100,100,1,600623-SSE,9/1/2015 9:30,6/27/2016 15:00,1_min,47718,,,,
test27,(RSI(CLOSE;44)>SOPK(14;3;3;SIMPLE)),LOW>HIGH,LOW>HIGH,LOW>HIGH,0.7,0.28,100,100,1,600623-SSE,9/1/2015 9:30,6/27/2016 15:00,1_min,47718,,,,
test28,(AroonDown(42)>RSI(CLOSE;73)),LOW>HIGH,LOW>HIGH,LOW>HIGH,0.58,0.58,100,100,1,600623-SSE,9/1/2015 9:30,6/27/2016 15:00,1_min,47718,,,,
test29,(CROSSOVER(KCB(65;SIMPLE;4.4);KCT(2;SIMPLE;2.5))),LOW>HIGH,LOW>HIGH,LOW>HIGH,0.66,0.52,100,100,1,600623-SSE,9/1/2015 9:30,6/27/2016 15:00,1_min,47718,,,,
test30,(AroonDown(20)>SOPK(5;3;3;SIMPLE)),LOW>HIGH,(CROSSOVER(HHV(74);KCB(62;SIMPLE;0.2))),LOW>HIGH,0.75,0.4,100,100,1,600623-SSE,9/1/2015 9:30,6/27/2016 15:00,1_min,47718,,,,
test31,(KCM(28;SIMPLE;4.1)<PSAR(0.02;0.2)),LOW>HIGH,LOW>HIGH,LOW>HIGH,0.64,0.71,100,100,1,600623-SSE,9/1/2015 9:30,6/27/2016 15:00,1_min,47718,,,,
test32,(AroonDown(85)>AroonUp(71)),LOW>HIGH,LOW>HIGH,LOW>HIGH,0.56,0.53,100,100,1,600623-SSE,9/1/2015 9:30,6/27/2016 15:00,1_min,47718,,,,
test33,(CROSSOVER(KCB(65;SIMPLE;4.4);KCT(2;SIMPLE;2.5))),LOW>HIGH,(HHV(47)<LLV(8)),LOW>HIGH,0.6,0.5,100,100,1,600623-SSE,9/1/2015 9:30,6/27/2016 15:00,1_min,47718,,,,
test34,(MACD(12;26;9;EXPONENTIAL)<MACDSignal(25;13;19;EXPONENTIAL)),LOW>HIGH,LOW>HIGH,LOW>HIGH,0.78,0.41,100,100,1,600623-SSE,9/1/2015 9:30,6/27/2016 15:00,1_min,47718,,,,
test35,(KCM(28;SIMPLE;4.1)<PSAR(0.02;0.2)),LOW>HIGH,(CROSSOVER(HHV(54);LLV(42))),LOW>HIGH,0.59,0.72,100,100,1,600623-SSE,9/1/2015 9:30,6/27/2016 15:00,1_min,47718,,,,
test36,(KCM(69;SIMPLE;1.7)>KCT(32;SIMPLE;0.2)),LOW>HIGH,LOW>HIGH,LOW>HIGH,0.6,0.68,100,100,1,600623-SSE,9/1/2015 9:30,6/27/2016 15:00,1_min,47718,,,,
test37,(CROSSOVER(KCB(65;SIMPLE;4.4);KCT(2;SIMPLE;2.5))),LOW>HIGH,LOW>HIGH,LOW>HIGH,0.64,0.6,100,100,1,600623-SSE,9/1/2015 9:30,6/27/2016 15:00,1_min,47718,,,,
test38,(HHV(18)<KCT(44;SIMPLE;3.1)),LOW>HIGH,LOW>HIGH,LOW>HIGH,0.52,0.57,100,100,1,600623-SSE,9/1/2015 9:30,6/27/2016 15:00,1_min,47718,,,,
test39,(RSI(CLOSE;13)<AroonDown(62)),LOW>HIGH,LOW>HIGH,LOW>HIGH,0.55,0.6,100,100,1,600623-SSE,9/1/2015 9:30,6/27/2016 15:00,1_min,47718,,,,
test40,(SOPK(21;3;3;SIMPLE)<RSI(CLOSE;85)),LOW>HIGH,LOW>HIGH,LOW>HIGH,0.56,0.56,100,100,1,600623-SSE,9/1/2015 9:30,6/27/2016 15:00,1_min,47718,,,,
test41,(KCM(28;SIMPLE;4.1)<PSAR(0.02;0.2)),LOW>HIGH,LOW>HIGH,LOW>HIGH,0.53,0.64,100,100,1,600623-SSE,9/1/2015 9:30,6/27/2016 15:00,1_min,47718,,,,
test42,(RSI(CLOSE;3)<AroonDown(83)),LOW>HIGH,LOW>HIGH,LOW>HIGH,0.58,0.35,100,100,1,600623-SSE,9/1/2015 9:30,6/27/2016 15:00,1_min,47718,,,,
test43,(WPR(52)>CCI(18;SIMPLE)),LOW>HIGH,LOW>HIGH,LOW>HIGH,0.72,0.25,100,100,1,600623-SSE,9/1/2015 9:30,6/27/2016 15:00,1_min,47718,,,,
test44,(((CROSSOVER(LLV(68);KCB(93;SIMPLE;4.8)))OR(KCT(37;SIMPLE;0.1)<KCB(92;SIMPLE;2.5)))AND((WPR(78)>CCI(68;SIMPLE))OR(CCI(68;SIMPLE)<MACD(23;16;22;EXPONENTIAL)))),LOW>HIGH,LOW>HIGH,LOW>HIGH,0.25,0.52,100,100,1,600623-SSE,9/1/2015 9:30,6/27/2016 15:00,1_min,47718,,,,
test45,(LLV(49)<BBB(CLOSE;38;2;SIMPLE)),LOW>HIGH,LOW>HIGH,LOW>HIGH,0.67,0.34,100,100,1,600623-SSE,9/1/2015 9:30,6/27/2016 15:00,1_min,47718,,,,
test46,(RSI(CLOSE;44)>SOPK(14;3;3;SIMPLE)),LOW>HIGH,LOW>HIGH,LOW>HIGH,0.7,0.65,100,100,1,600623-SSE,9/1/2015 9:30,6/27/2016 15:00,1_min,47718,,,,
test47,(CROSSOVER(ATR(14);ATR(32))),LOW>HIGH,LOW>HIGH,LOW>HIGH,0.58,0.6,100,100,1,600623-SSE,9/1/2015 9:30,6/27/2016 15:00,1_min,47718,,,,
test48,(RSI(CLOSE;18)>SOPK(14;3;3;SIMPLE)),LOW>HIGH,LOW>HIGH,LOW>HIGH,0.57,0.57,100,100,1,600623-SSE,9/1/2015 9:30,6/27/2016 15:00,1_min,47718,,,,
test49,(RSI(CLOSE;44)>SOPK(14;3;3;SIMPLE)),LOW>HIGH,LOW>HIGH,LOW>HIGH,0.57,0.57,100,100,1,600623-SSE,9/1/2015 9:30,6/27/2016 15:00,1_min,47718,,,,
test50,((CROSSOVER(AroonUp(13);SOPD(9;3;3;SIMPLE)))OR(MACDSignal(12;26;9;EXPONENTIAL)>CCI(95;SIMPLE))),LOW>HIGH,LOW>HIGH,LOW>HIGH,0.61,0.41,100,100,1,600623-SSE,9/1/2015 9:30,6/27/2016 15:00,1_min,47718,,,,
test51,(KCM(28;SIMPLE;4.1)<PSAR(0.02;0.2)),LOW>HIGH,LOW>HIGH,LOW>HIGH,0.74,0.53,100,100,1,600623-SSE,9/1/2015 9:30,6/27/2016 15:00,1_min,47718,,,,
test52,(CROSSOVER(KCT(42;SIMPLE;4.7);HHV(22))),LOW>HIGH,LOW>HIGH,LOW>HIGH,0.47,0.49,100,100,1,600623-SSE,9/1/2015 9:30,6/27/2016 15:00,1_min,47718,,,,
test53,(CROSSOVER(MACDSignal(31;51;22;EXPONENTIAL);MACD(12;20;12;EXPONENTIAL))),LOW>HIGH,((CROSSOVER(BBB(CLOSE;92;5;SIMPLE);BBT(CLOSE;97;8;SIMPLE)))AND(CROSSOVER(AroonDown(35);AroonDown(63)))),LOW>HIGH,0.33,0.33,100,100,1,600623-SSE,9/1/2015 9:30,6/27/2016 15:00,1_min,47718,,,,
test54,((CROSSOVER(LLV(90);EMA(CLOSE;94)))OR(CROSSOVER(ATR(26);ATR(87)))),LOW>HIGH,(CROSSOVER(BBB(CLOSE;75;2;SIMPLE);WMA(CLOSE;86))),LOW>HIGH,0.56,0.63,100,100,1,600623-SSE,9/1/2015 9:30,6/27/2016 15:00,1_min,47718,,,,
test55,(CROSSOVER(EMA(CLOSE;29);KCT(5;SIMPLE;1.8))),LOW>HIGH,(CROSSOVER(AroonUp(63);MACD(12;26;9;EXPONENTIAL))),LOW>HIGH,0.47,0.3,100,100,1,600623-SSE,9/1/2015 9:30,6/27/2016 15:00,1_min,47718,,,,
test56,(CROSSOVER(ATR(44);ATR(38))),LOW>HIGH,((CROSSOVER(WMA(CLOSE;75);SMA(CLOSE;19)))AND(CROSSOVER(SMA(CLOSE;87);WMA(CLOSE;25)))),LOW>HIGH,0.77,0.63,100,100,1,600623-SSE,9/1/2015 9:30,6/27/2016 15:00,1_min,47718,,,,
test57,(((CROSSOVER(WMA(CLOSE;61);REF(CLOSE;4)))OR(CROSSOVER(WMA(CLOSE;71);HHV(25))))OR((CROSSOVER(AroonDown(30);MACD(12;26;9;EXPONENTIAL)))AND(CROSSOVER(ATR(71);ATR(15))))),LOW>HIGH,LOW>HIGH,LOW>HIGH,0.38,0.6,100,100,1,600623-SSE,9/1/2015 9:30,6/27/2016 15:00,1_min,47718,,,,
test58,(CROSSOVER(AroonDown(58);AroonUp(62))),LOW>HIGH,LOW>HIGH,LOW>HIGH,0.39,0.64,100,100,1,600623-SSE,9/1/2015 9:30,6/27/2016 15:00,1_min,47718,,,,
test59,(CROSSOVER(ATR(46);ATR(30))),LOW>HIGH,LOW>HIGH,LOW>HIGH,0.51,0.78,100,100,1,600623-SSE,9/1/2015 9:30,6/27/2016 15:00,1_min,47718,,,,
test60,(CROSSOVER(WMA(CLOSE;46);KCT(4;SIMPLE;0.6))),LOW>HIGH,LOW>HIGH,LOW>HIGH,0.29,0.74,100,100,1,600623-SSE,9/1/2015 9:30,6/27/2016 15:00,1_min,47718,,,,
test61,(CROSSOVER(ATR(74);ATR(42))),LOW>HIGH,LOW>HIGH,LOW>HIGH,0.57,0.67,100,100,1,600623-SSE,9/1/2015 9:30,6/27/2016 15:00,1_min,47718,,,,
test62,(CROSSOVER(AroonDown(56);AroonUp(56))),LOW>HIGH,(CROSSOVER(EMA(CLOSE;47);HHV(57))),LOW>HIGH,0.27,0.58,100,100,1,600623-SSE,9/1/2015 9:30,6/27/2016 15:00,1_min,47718,,,,
test63,(CROSSOVER(ATR(49);ATR(42))),LOW>HIGH,((CROSSOVER(ATR(49);ATR(42)))AND(CROSSOVER(HHV(39);SMA(CLOSE;60)))),LOW>HIGH,0.37,0.41,100,100,1,600623-SSE,9/1/2015 9:30,6/27/2016 15:00,1_min,47718,,,,
test64,(CROSSOVER(ATR(49);ATR(42))),LOW>HIGH,((CROSSOVER(AroonDown(60);AroonDown(17)))AND(CROSSOVER(EMA(CLOSE;2);SMA(CLOSE;42)))),LOW>HIGH,0.41,0.67,100,100,1,600623-SSE,9/1/2015 9:30,6/27/2016 15:00,1_min,47718,,,,
test65,(CROSSOVER(KCB(54;SIMPLE;1.9);BBT(CLOSE;8;2;SIMPLE))),LOW>HIGH,(CROSSOVER(LLV(66);KCB(57;SIMPLE;2.2))),LOW>HIGH,0.66,0.37,100,100,1,600623-SSE,9/1/2015 9:30,6/27/2016 15:00,1_min,47718,,,,
test66,((CROSSOVER(ATR(71);ATR(80)))OR((CROSSOVER(ATR(74);ATR(20)))OR(CROSSOVER(LLV(42);EMA(CLOSE;17))))),LOW>HIGH,(CROSSOVER(BBB(CLOSE;56;2;SIMPLE);HHV(22))),LOW>HIGH,0.38,0.77,100,100,1,600623-SSE,9/1/2015 9:30,6/27/2016 15:00,1_min,47718,,,,
test67,(CROSSOVER(KCT(42;SIMPLE;4.7);HHV(22))),LOW>HIGH,LOW>HIGH,LOW>HIGH,0.39,0.49,100,100,1,600623-SSE,9/1/2015 9:30,6/27/2016 15:00,1_min,47718,,,,
test68,(CROSSOVER(KCB(12;SIMPLE;4.3);LLV(2))),LOW>HIGH,LOW>HIGH,LOW>HIGH,0.41,0.45,100,100,1,600623-SSE,9/1/2015 9:30,6/27/2016 15:00,1_min,47718,,,,
test69,((CROSSOVER(ATR(71);ATR(80)))OR((CROSSOVER(ATR(74);ATR(20)))OR(CROSSOVER(LLV(42);KCT(99;SIMPLE;3.5))))),LOW>HIGH,(CROSSOVER(BBB(CLOSE;56;2;SIMPLE);HHV(22))),LOW>HIGH,0.38,0.78,100,100,1,600623-SSE,9/1/2015 9:30,6/27/2016 15:00,1_min,47718,,,,
test70,(CROSSOVER(ATR(96);ATR(91))),LOW>HIGH,((CROSSOVER(REF(CLOSE;14);WMA(CLOSE;13)))AND(CROSSOVER(MACDSignal(23;22;5;EXPONENTIAL);MACDSignal(12;26;9;EXPONENTIAL)))),LOW>HIGH,0.46,0.32,100,100,1,600623-SSE,9/1/2015 9:30,6/27/2016 15:00,1_min,47718,,,,
test71,(CROSSOVER(SMA(CLOSE;36);KCT(11;SIMPLE;3))),LOW>HIGH,LOW>HIGH,LOW>HIGH,0.46,0.45,100,100,1,600623-SSE,9/1/2015 9:30,6/27/2016 15:00,1_min,47718,,,,
test72,(CROSSOVER(SMA(CLOSE;40);KCT(11;SIMPLE;3))),LOW>HIGH,LOW>HIGH,LOW>HIGH,0.29,0.42,100,100,1,600623-SSE,9/1/2015 9:30,6/27/2016 15:00,1_min,47718,,,,
test73,(CROSSOVER(EMA(CLOSE;29);KCT(5;SIMPLE;1.8))),LOW>HIGH,LOW>HIGH,LOW>HIGH,0.3,0.3,100,100,1,600623-SSE,9/1/2015 9:30,6/27/2016 15:00,1_min,47718,,,,
test74,(CROSSOVER(AroonUp(18);AroonUp(6))),LOW>HIGH,LOW>HIGH,LOW>HIGH,0.6,0.27,100,100,1,600623-SSE,9/1/2015 9:30,6/27/2016 15:00,1_min,47718,,,,
test75,(CROSSOVER(KCM(5;SIMPLE;1.8);REF(CLOSE;18))),LOW>HIGH,LOW>HIGH,LOW>HIGH,0.36,0.51,100,100,1,600623-SSE,9/1/2015 9:30,6/27/2016 15:00,1_min,47718,,,,
test76,(CROSSOVER(MACD(6;6;15;EXPONENTIAL);MACDSignal(23;15;10;EXPONENTIAL))),LOW>HIGH,(CROSSOVER(BBB(CLOSE;75;2;SIMPLE);KCT(27;SIMPLE;0.8))),LOW>HIGH,0.79,0.63,100,100,1,600623-SSE,9/1/2015 9:30,6/27/2016 15:00,1_min,47718,,,,
test77,(CROSSOVER(AroonDown(62);AroonUp(62))),LOW>HIGH,((CROSSOVER(AroonDown(73);MACD(13;8;22;EXPONENTIAL)))AND(CROSSOVER(EMA(CLOSE;35);KCM(73;SIMPLE;0.4)))),LOW>HIGH,0.39,0.79,100,100,1,600623-SSE,9/1/2015 9:30,6/27/2016 15:00,1_min,47718,,,,
test78,(CROSSOVER(AroonDown(18);AroonUp(57))),LOW>HIGH,LOW>HIGH,LOW>HIGH,0.27,0.63,100,100,1,600623-SSE,9/1/2015 9:30,6/27/2016 15:00,1_min,47718,,,,
test79,(CROSSOVER(AroonDown(56);AroonUp(57))),LOW>HIGH,LOW>HIGH,LOW>HIGH,0.58,0.51,100,100,1,600623-SSE,9/1/2015 9:30,6/27/2016 15:00,1_min,47718,,,,
test80,(CROSSOVER(ATR(49);ATR(42))),LOW>HIGH,((CROSSOVER(AroonDown(60);AroonDown(17)))AND(CROSSOVER(LLV(42);EMA(CLOSE;39)))),LOW>HIGH,0.77,0.41,100,100,1,600623-SSE,9/1/2015 9:30,6/27/2016 15:00,1_min,47718,,,,
test81,(CROSSOVER(EMA(CLOSE;62);KCM(33;SIMPLE;1.7))),LOW>HIGH,((CROSSOVER(ATR(70);ATR(83)))AND(CROSSOVER(EMA(CLOSE;35);KCM(73;SIMPLE;0.4)))),LOW>HIGH,0.79,0.42,100,100,1,600623-SSE,9/1/2015 9:30,6/27/2016 15:00,1_min,47718,,,,
test82,(CROSSOVER(ATR(49);ATR(42))),LOW>HIGH,((CROSSOVER(MACD(16;21;25;EXPONENTIAL);AroonDown(34)))OR(CROSSOVER(KCB(12;SIMPLE;4.3);BBT(CLOSE;94;8;SIMPLE)))),LOW>HIGH,0.37,0.69,100,100,1,600623-SSE,9/1/2015 9:30,6/27/2016 15:00,1_min,47718,,,,
test83,((CROSSOVER(SMA(CLOSE;36);KCT(11;SIMPLE;3)))OR(CROSSOVER(SMA(CLOSE;77);WMA(CLOSE;36)))),LOW>HIGH,LOW>HIGH,LOW>HIGH,0.36,0.37,100,100,1,600623-SSE,9/1/2015 9:30,6/27/2016 15:00,1_min,47718,,,,
test84,((CROSSOVER(ATR(58);ATR(39)))OR((CROSSOVER(KCB(12;SIMPLE;4.3);LLV(2)))OR(CROSSOVER(ATR(71);ATR(80))))),LOW>HIGH,LOW>HIGH,LOW>HIGH,0.57,0.68,100,100,1,600623-SSE,9/1/2015 9:30,6/27/2016 15:00,1_min,47718,,,,
test85,(CROSSOVER(ATR(49);ATR(42))),LOW>HIGH,((CROSSOVER(AroonDown(60);AroonDown(17)))AND(CROSSOVER(EMA(CLOSE;17);KCB(12;SIMPLE;4.3)))),LOW>HIGH,0.22,0.56,100,100,1,600623-SSE,9/1/2015 9:30,6/27/2016 15:00,1_min,47718,,,,
test86,(CROSSOVER(ATR(49);ATR(42))),LOW>HIGH,((CROSSOVER(KCM(18;SIMPLE;4.3);WMA(CLOSE;87)))AND(CROSSOVER(EMA(CLOSE;17);KCM(54;SIMPLE;1.4)))),LOW>HIGH,0.4,0.65,100,100,1,600623-SSE,9/1/2015 9:30,6/27/2016 15:00,1_min,47718,,,,
test87,(CROSSOVER(EMA(CLOSE;29);KCT(5;SIMPLE;1.8))),LOW>HIGH,LOW>HIGH,LOW>HIGH,0.27,0.63,100,100,1,600623-SSE,9/1/2015 9:30,6/27/2016 15:00,1_min,47718,,,,
test88,(CROSSOVER(EMA(CLOSE;29);KCT(5;SIMPLE;1.8))),LOW>HIGH,LOW>HIGH,LOW>HIGH,0.2,0.63,100,100,1,600623-SSE,9/1/2015 9:30,6/27/2016 15:00,1_min,47718,,,,
test89,(CROSSOVER(EMA(CLOSE;18);KCT(5;SIMPLE;1.8))),LOW>HIGH,LOW>HIGH,LOW>HIGH,0.27,0.63,100,100,1,600623-SSE,9/1/2015 9:30,6/27/2016 15:00,1_min,47718,,,,
test90,(CROSSOVER(KCB(12;SIMPLE;4.3);LLV(2))),LOW>HIGH,LOW>HIGH,LOW>HIGH,0.67,0.68,100,100,1,600623-SSE,9/1/2015 9:30,6/27/2016 15:00,1_min,47718,,,,
test91,(((CROSSOVER(WMA(CLOSE;61);REF(CLOSE;4)))OR(CROSSOVER(WMA(CLOSE;30);HHV(25))))OR((CROSSOVER(AroonDown(71);MACD(12;26;9;EXPONENTIAL)))AND(CROSSOVER(ATR(46);ATR(25))))),LOW>HIGH,LOW>HIGH,LOW>HIGH,0.34,0.6,100,100,1,600623-SSE,9/1/2015 9:30,6/27/2016 15:00,1_min,47718,,,,
test92,(CROSSOVER(BBB(CLOSE;21;7;SIMPLE);LLV(92))),LOW>HIGH,LOW>HIGH,LOW>HIGH,0.25,0.37,100,100,1,600623-SSE,9/1/2015 9:30,6/27/2016 15:00,1_min,47718,,,,
test93,((CROSSOVER(AroonDown(71);MACD(6;6;15;EXPONENTIAL)))OR(CROSSOVER(SMA(CLOSE;79);SMA(CLOSE;96)))),LOW>HIGH,LOW>HIGH,LOW>HIGH,0.37,0.46,100,100,1,600623-SSE,9/1/2015 9:30,6/27/2016 15:00,1_min,47718,,,,
test94,(CROSSOVER(AroonDown(56);AroonUp(57))),LOW>HIGH,LOW>HIGH,LOW>HIGH,0.3,0.63,100,100,1,600623-SSE,9/1/2015 9:30,6/27/2016 15:00,1_min,47718,,,,
test95,(CROSSOVER(AroonDown(57);AroonUp(57))),LOW>HIGH,LOW>HIGH,LOW>HIGH,0.3,0.27,100,100,1,600623-SSE,9/1/2015 9:30,6/27/2016 15:00,1_min,47718,,,,
test96,(CROSSOVER(AroonDown(56);AroonUp(56))),LOW>HIGH,LOW>HIGH,LOW>HIGH,0.27,0.43,100,100,1,600623-SSE,9/1/2015 9:30,6/27/2016 15:00,1_min,47718,,,,
test97,((CROSSOVER(SMA(CLOSE;36);KCT(11;SIMPLE;3)))OR(CROSSOVER(WMA(CLOSE;16);KCT(73;SIMPLE;1.7)))),LOW>HIGH,LOW>HIGH,LOW>HIGH,0.29,0.35,100,100,1,600623-SSE,9/1/2015 9:30,6/27/2016 15:00,1_min,47718,,,,
test98,((CROSSOVER(SMA(CLOSE;36);KCT(11;SIMPLE;3)))OR(CROSSOVER(SMA(CLOSE;77);WMA(CLOSE;6)))),LOW>HIGH,LOW>HIGH,LOW>HIGH,0.77,0.63,100,100,1,600623-SSE,9/1/2015 9:30,6/27/2016 15:00,1_min,47718,,,,
test99,(((CROSSOVER(ATR(46);ATR(15)))OR(CROSSOVER(WMA(CLOSE;71);HHV(97))))OR((CROSSOVER(WMA(CLOSE;61);REF(CLOSE;4)))AND(CROSSOVER(ATR(46);ATR(25))))),LOW>HIGH,LOW>HIGH,LOW>HIGH,0.76,0.38,100,100,1,600623-SSE,9/1/2015 9:30,6/27/2016 15:00,1_min,47718,,,,
test100,(((CROSSOVER(SMA(CLOSE;80);REF(CLOSE;4)))OR(CROSSOVER(WMA(CLOSE;71);HHV(97))))OR((CROSSOVER(AroonDown(61);MACD(12;26;9;EXPONENTIAL)))AND(CROSSOVER(ATR(46);ATR(25))))),LOW>HIGH,LOW>HIGH,LOW>HIGH,0.34,0.6,100,100,1,600623-SSE,9/1/2015 9:30,6/27/2016 15:00,1_min,47718,,,,
