name,buy_script,sell_script,exit_long_script,exit_short_script,long_take_profit,long_stop_loss,short_take_profit,short_stop_loss,day_close,symbol,test_start,test_end,time_frame,total_bars,creationTime,updateTime,account,status
test_algo0,(CROSSOVER(KCB(47;SIMPLE;2.8);KCM(87;SIMPLE;4.7))),LOW>HIGH,LOW>HIGH,LOW>HIGH,1.12,1.56,100.0,100.0,0,600135-SSE,2015/09/01 09:30:00,2016/05/31 15:00:00,1_min,43621,
test_algo1,(CROSSOVER(BBB(CLOSE;56;3;SIMPLE);PSAR(0.04;0.2))),LOW>HIGH,LOW>HIGH,LOW>HIGH,1.08,1.49,100.0,100.0,0,600135-SSE,2015/09/01 09:30:00,2016/05/31 15:00:00,1_min,43621,
test_algo2,((REF(OPEN;1)<KCB(8;SIMPLE;2.5))AND(REF(CLOSE;1)>KCB(8;SIMPLE;2.5))),LOW>HIGH,LOW>HIGH,LOW>HIGH,1.44,1.78,100.0,100.0,0,600366-SSE,2015/09/01 09:30:00,2016/05/31 15:00:00,1_min,42416,
test_algo3,((REF(OPEN;5)>SMA(CLOSE;86))AND(REF(CLOSE;5)<SMA(CLOSE;86))),LOW>HIGH,LOW>HIGH,LOW>HIGH,1.08,1.76,100.0,100.0,0,600366-SSE,2015/09/01 09:30:00,2016/05/31 15:00:00,1_min,42416,
test_algo4,(CROSSOVER(MACD(22;26;27;EXPONENTIAL);SOPK(14;3;3;SIMPLE))),LOW>HIGH,LOW>HIGH,LOW>HIGH,1.0,1.36,100.0,100.0,0,600386-SSE,2015/09/01 09:30:00,2016/05/31 15:00:00,1_min,43621,
test_algo5,(CROSSOVER(BBB(CLOSE;9;2;SIMPLE);WMA(CLOSE;20))),LOW>HIGH,LOW>HIGH,LOW>HIGH,1.18,1.71,100.0,100.0,0,600386-SSE,2015/09/01 09:30:00,2016/05/31 15:00:00,1_min,43621,
test_algo6,(CROSSOVER(REF(CLOSE;12);HHV(83))),LOW>HIGH,LOW>HIGH,LOW>HIGH,1.03,1.62,100.0,100.0,0,600547-SSE,2015/09/01 09:30:00,2016/05/31 15:00:00,1_min,43621,
test_algo7,(RSI(CLOSE;20)<50),LOW>HIGH,LOW>HIGH,LOW>HIGH,1.63,1.83,100.0,100.0,0,600547-SSE,2015/09/01 09:30:00,2016/05/31 15:00:00,1_min,43621,
test_algo8,(CROSSOVER(KCB(81;SIMPLE;4.2);WMA(CLOSE;70))),LOW>HIGH,LOW>HIGH,LOW>HIGH,1.1,1.83,100.0,100.0,0,600623-SSE,2015/09/01 09:30:00,2016/05/31 15:00:00,1_min,43621,
test_algo9,(CROSSOVER(OPEN;KCB(4;SIMPLE;3.4))),LOW>HIGH,LOW>HIGH,LOW>HIGH,1.08,1.58,100.0,100.0,0,600623-SSE,2015/09/01 09:30:00,2016/05/31 15:00:00,1_min,43621,
test_algo10,(RSI(CLOSE;20)<50),LOW>HIGH,LOW>HIGH,LOW>HIGH,1.23,1.14,100.0,100.0,0,600988-SSE,2015/09/01 09:30:00,2016/05/31 15:00:00,1_min,30366,
test_algo11,(CLOSE<BBB(CLOSE;20;2;SIMPLE)),LOW>HIGH,LOW>HIGH,LOW>HIGH,1.32,1.13,100.0,100.0,0,600988-SSE,2015/09/01 09:30:00,2016/05/31 15:00:00,1_min,30366,
test_algo12,(MACD(12;26;9;EXPONENTIAL)>SOPK(9;3;3;SIMPLE)),LOW>HIGH,LOW>HIGH,LOW>HIGH,1.17,1.51,100.0,100.0,0,601689-SSE,2015/09/01 09:30:00,2016/05/31 15:00:00,1_min,41211,
test_algo13,(CROSSOVER(EMA(CLOSE;91);LLV(48))),LOW>HIGH,LOW>HIGH,LOW>HIGH,1.41,1.88,100.0,100.0,0,601689-SSE,2015/09/01 09:30:00,2016/05/31 15:00:00,1_min,41211,
test_algo14,(CROSSOVER(MACD(12;26;9;EXPONENTIAL);SOPD(5;3;3;SIMPLE))),LOW>HIGH,LOW>HIGH,LOW>HIGH,1.84,1.63,100.0,100.0,0,601799-SSE,2015/09/01 09:30:00,2016/05/31 15:00:00,1_min,41693,
