name,buy_script,sell_script,exit_long_script,exit_short_script,long_take_profit,long_stop_loss,short_take_profit,short_stop_loss,day_close,symbol,test_start,test_end,time_frame,total_bars,creationTime,updateTime,account,status
test_algo0,(EMA(CLOSE;93)>EMA(CLOSE;6)),LOW>HIGH,LOW>HIGH,LOW>HIGH,100.0,100.0,100.0,100.0,1,600623-SSE,2011/01/04 09:30:00,2015/12/31 15:00:00,1_min,291612,
test_algo1,(RSI(CLOSE;24)<AroonDown(28)),LOW>HIGH,(CROSSOVER(HHV(87);REF(CLOSE;3))),LOW>HIGH,100.0,100.0,100.0,100.0,1,600623-SSE,2011/01/04 09:30:00,2015/12/31 15:00:00,1_min,291612,
test_algo2,((KCM(97;SIMPLE;2.9)>REF(CLOSE;1))AND(HHV(15)>LLV(33))),LOW>HIGH,LOW>HIGH,LOW>HIGH,100.0,100.0,100.0,100.0,1,600623-SSE,2011/01/04 09:30:00,2015/12/31 15:00:00,1_min,291612,
test_algo3,(WPR(53)>CCI(66;SIMPLE)),LOW>HIGH,LOW>HIGH,LOW>HIGH,100.0,100.0,100.0,100.0,1,600623-SSE,2011/01/04 09:30:00,2015/12/31 15:00:00,1_min,291612,
